odds_ratio,ci_low,ci_high,p_value,pseudo_r2,n_obs
2.092609489051098,1.739959509522077,2.516733550236178,4.430534184300857e-15,0.02336144577208843,1955
