feature,ks_statistic,ks_p_value,real_mean,synthetic_mean
age_at_diagnosis,0.19022474328229724,2.883455109734317e-07,0.5451592909063322,0.49160030642950825
tumor_size,0.14818914099489638,0.00014108304131048654,0.15805515670858328,0.14030188860331913
nottingham_prognostic_index,0.21306032097399003,5.165214653408335e-09,0.5820818942148233,0.5371641536409307
lymph_nodes_examined_positive,0.14372348275225974,0.00024839121792523617,0.05203348219520435,0.02914420930556362
